"VAR","Variable","UNIT","Measure","COU","Country","YEA","Year","Value","Flag Codes","Flags"
"GEHETHSM","Total health and social employment","DENSPPNB","Density per 1 000 population (head counts)","AUS","Australia","2000","2000",46.9,,
"GEHETHSM","Total health and social employment","DENSPPNB","Density per 1 000 population (head counts)","AUS","Australia","2001","2001",46.79,,
"GEHETHSM","Total health and social employment","DENSPPNB","Density per 1 000 population (head counts)","AUS","Australia","2002","2002",46.68,,
"GEHETHSM","Total health and social employment","DENSPPNB","Density per 1 000 population (head counts)","AUS","Australia","2003","2003",48.25,,
"GEHETHSM","Total health and social employment","DENSPPNB","Density per 1 000 population (head counts)","AUS","Australia","2004","2004",49.02,,
"GEHETHSM","Total health and social employment","DENSPPNB","Density per 1 000 population (head counts)","AUS","Australia","2005","2005",52.62,,
"GEHETHSM","Total health and social employment","DENSPPNB","Density per 1 000 population (head counts)","AUS","Australia","2006","2006",52.61,,
"GEHETHSM","Total health and social employment","DENSPPNB","Density per 1 000 population (head counts)","AUS","Australia","2007","2007",52.87,,
"GEHETHSM","Total health and social employment","DENSPPNB","Density per 1 000 population (head counts)","AUS","Australia","2008","2008",56.09,,
"GEHETHSM","Total health and social employment","DENSPPNB","Density per 1 000 population (head counts)","AUS","Australia","2009","2009",55.82,,
"GEHETHSM","Total health and social employment","DENSPPNB","Density per 1 000 population (head counts)","AUS","Australia","2010","2010",57.5,,
"GEHETHSM","Total health and social employment","DENSPPNB","Density per 1 000 population (head counts)","AUS","Australia","2011","2011",59.64,,
"GEHETHSM","Total health and social employment","DENSPPNB","Density per 1 000 population (head counts)","AUS","Australia","2012","2012",60.42,,
"GEHETHSM","Total health and social employment","DENSPPNB","Density per 1 000 population (head counts)","AUS","Australia","2013","2013",59.93,,
"GEHETHSM","Total health and social employment","DENSPPNB","Density per 1 000 population (head counts)","AUS","Australia","2014","2014",63.11,,
"GEHETHSM","Total health and social employment","DENSPPNB","Density per 1 000 population (head counts)","AUS","Australia","2015","2015",65.92,,
"GEHETHSM","Total health and social employment","DENSPPNB","Density per 1 000 population (head counts)","AUS","Australia","2016","2016",67.57,,
"GEHETHSM","Total health and social employment","DENSPPNB","Density per 1 000 population (head counts)","AUS","Australia","2017","2017",68.07,,
"GEHETHSM","Total health and social employment","DENSPPNB","Density per 1 000 population (head counts)","AUT","Austria","2000","2000",37.6,,
"GEHETHSM","Total health and social employment","DENSPPNB","Density per 1 000 population (head counts)","AUT","Austria","2001","2001",38.83,,
"GEHETHSM","Total health and social employment","DENSPPNB","Density per 1 000 population (head counts)","AUT","Austria","2002","2002",39.76,,
"GEHETHSM","Total health and social employment","DENSPPNB","Density per 1 000 population (head counts)","AUT","Austria","2003","2003",40.64,,
"GEHETHSM","Total health and social employment","DENSPPNB","Density per 1 000 population (head counts)","AUT","Austria","2004","2004",41.42,,
"GEHETHSM","Total health and social employment","DENSPPNB","Density per 1 000 population (head counts)","AUT","Austria","2005","2005",42.08,,
"GEHETHSM","Total health and social employment","DENSPPNB","Density per 1 000 population (head counts)","AUT","Austria","2006","2006",43.16,,
"GEHETHSM","Total health and social employment","DENSPPNB","Density per 1 000 population (head counts)","AUT","Austria","2007","2007",44.02,,
"GEHETHSM","Total health and social employment","DENSPPNB","Density per 1 000 population (head counts)","AUT","Austria","2008","2008",44.95,,
"GEHETHSM","Total health and social employment","DENSPPNB","Density per 1 000 population (head counts)","AUT","Austria","2009","2009",46.35,,
"GEHETHSM","Total health and social employment","DENSPPNB","Density per 1 000 population (head counts)","AUT","Austria","2010","2010",47.86,,
"GEHETHSM","Total health and social employment","DENSPPNB","Density per 1 000 population (head counts)","AUT","Austria","2011","2011",48.53,,
"GEHETHSM","Total health and social employment","DENSPPNB","Density per 1 000 population (head counts)","AUT","Austria","2012","2012",49.19,,
"GEHETHSM","Total health and social employment","DENSPPNB","Density per 1 000 population (head counts)","AUT","Austria","2013","2013",49.52,,
"GEHETHSM","Total health and social employment","DENSPPNB","Density per 1 000 population (head counts)","AUT","Austria","2014","2014",49.83,,
"GEHETHSM","Total health and social employment","DENSPPNB","Density per 1 000 population (head counts)","AUT","Austria","2015","2015",50.74,,
"GEHETHSM","Total health and social employment","DENSPPNB","Density per 1 000 population (head counts)","AUT","Austria","2016","2016",51.66,,
"GEHETHSM","Total health and social employment","DENSPPNB","Density per 1 000 population (head counts)","AUT","Austria","2017","2017",52.18,,
"GEHETHSM","Total health and social employment","DENSPPNB","Density per 1 000 population (head counts)","BEL","Belgium","2000","2000",39.11,,
"GEHETHSM","Total health and social employment","DENSPPNB","Density per 1 000 population (head counts)","BEL","Belgium","2001","2001",40.42,,
"GEHETHSM","Total health and social employment","DENSPPNB","Density per 1 000 population (head counts)","BEL","Belgium","2002","2002",41.28,,
"GEHETHSM","Total health and social employment","DENSPPNB","Density per 1 000 population (head counts)","BEL","Belgium","2003","2003",42.25,,
"GEHETHSM","Total health and social employment","DENSPPNB","Density per 1 000 population (head counts)","BEL","Belgium","2004","2004",43.07,,
"GEHETHSM","Total health and social employment","DENSPPNB","Density per 1 000 population (head counts)","BEL","Belgium","2005","2005",44.11,,
"GEHETHSM","Total health and social employment","DENSPPNB","Density per 1 000 population (head counts)","BEL","Belgium","2006","2006",44.84,,
"GEHETHSM","Total health and social employment","DENSPPNB","Density per 1 000 population (head counts)","BEL","Belgium","2007","2007",45.56,,
"GEHETHSM","Total health and social employment","DENSPPNB","Density per 1 000 population (head counts)","BEL","Belgium","2008","2008",46.39,,
"GEHETHSM","Total health and social employment","DENSPPNB","Density per 1 000 population (head counts)","BEL","Belgium","2009","2009",47.6,,
"GEHETHSM","Total health and social employment","DENSPPNB","Density per 1 000 population (head counts)","BEL","Belgium","2010","2010",48.86,,
"GEHETHSM","Total health and social employment","DENSPPNB","Density per 1 000 population (head counts)","BEL","Belgium","2011","2011",49.78,,
"GEHETHSM","Total health and social employment","DENSPPNB","Density per 1 000 population (head counts)","BEL","Belgium","2012","2012",50.61,,
"GEHETHSM","Total health and social employment","DENSPPNB","Density per 1 000 population (head counts)","BEL","Belgium","2013","2013",51.16,,
"GEHETHSM","Total health and social employment","DENSPPNB","Density per 1 000 population (head counts)","BEL","Belgium","2014","2014",51.81,,
"GEHETHSM","Total health and social employment","DENSPPNB","Density per 1 000 population (head counts)","BEL","Belgium","2015","2015",52.42,,
"GEHETHSM","Total health and social employment","DENSPPNB","Density per 1 000 population (head counts)","BEL","Belgium","2016","2016",53.47,,
"GEHETHSM","Total health and social employment","DENSPPNB","Density per 1 000 population (head counts)","BEL","Belgium","2017","2017",54.36,,
"GEHETHSM","Total health and social employment","DENSPPNB","Density per 1 000 population (head counts)","CAN","Canada","2000","2000",46.32,,
"GEHETHSM","Total health and social employment","DENSPPNB","Density per 1 000 population (head counts)","CAN","Canada","2001","2001",46.99,,
"GEHETHSM","Total health and social employment","DENSPPNB","Density per 1 000 population (head counts)","CAN","Canada","2002","2002",47.62,,
"GEHETHSM","Total health and social employment","DENSPPNB","Density per 1 000 population (head counts)","CAN","Canada","2003","2003",48.63,,
"GEHETHSM","Total health and social employment","DENSPPNB","Density per 1 000 population (head counts)","CAN","Canada","2004","2004",48.53,,
"GEHETHSM","Total health and social employment","DENSPPNB","Density per 1 000 population (head counts)","CAN","Canada","2005","2005",48.58,,
"GEHETHSM","Total health and social employment","DENSPPNB","Density per 1 000 population (head counts)","CAN","Canada","2006","2006",49.31,,
"GEHETHSM","Total health and social employment","DENSPPNB","Density per 1 000 population (head counts)","CAN","Canada","2007","2007",50.39,,
"GEHETHSM","Total health and social employment","DENSPPNB","Density per 1 000 population (head counts)","CAN","Canada","2008","2008",50.94,,
"GEHETHSM","Total health and social employment","DENSPPNB","Density per 1 000 population (head counts)","CAN","Canada","2009","2009",51.68,,
"GEHETHSM","Total health and social employment","DENSPPNB","Density per 1 000 population (head counts)","CAN","Canada","2010","2010",52.42,,
"GEHETHSM","Total health and social employment","DENSPPNB","Density per 1 000 population (head counts)","CAN","Canada","2011","2011",52.94,,
"GEHETHSM","Total health and social employment","DENSPPNB","Density per 1 000 population (head counts)","CAN","Canada","2012","2012",52.72,,
"GEHETHSM","Total health and social employment","DENSPPNB","Density per 1 000 population (head counts)","CAN","Canada","2013","2013",52.82,,
"GEHETHSM","Total health and social employment","DENSPPNB","Density per 1 000 population (head counts)","CZE","Czech Republic","2000","2000",24.91,,
"GEHETHSM","Total health and social employment","DENSPPNB","Density per 1 000 population (head counts)","CZE","Czech Republic","2001","2001",25.31,,
"GEHETHSM","Total health and social employment","DENSPPNB","Density per 1 000 population (head counts)","CZE","Czech Republic","2002","2002",26.07,,
"GEHETHSM","Total health and social employment","DENSPPNB","Density per 1 000 population (head counts)","CZE","Czech Republic","2003","2003",26.83,,
"GEHETHSM","Total health and social employment","DENSPPNB","Density per 1 000 population (head counts)","CZE","Czech Republic","2004","2004",25.73,,
"GEHETHSM","Total health and social employment","DENSPPNB","Density per 1 000 population (head counts)","CZE","Czech Republic","2005","2005",26.66,,
"GEHETHSM","Total health and social employment","DENSPPNB","Density per 1 000 population (head counts)","CZE","Czech Republic","2006","2006",27.38,,
"GEHETHSM","Total health and social employment","DENSPPNB","Density per 1 000 population (head counts)","CZE","Czech Republic","2007","2007",27.55,,
"GEHETHSM","Total health and social employment","DENSPPNB","Density per 1 000 population (head counts)","CZE","Czech Republic","2008","2008",28.5,,
"GEHETHSM","Total health and social employment","DENSPPNB","Density per 1 000 population (head counts)","CZE","Czech Republic","2009","2009",28.74,,
"GEHETHSM","Total health and social employment","DENSPPNB","Density per 1 000 population (head counts)","CZE","Czech Republic","2010","2010",28.5,,
"GEHETHSM","Total health and social employment","DENSPPNB","Density per 1 000 population (head counts)","CZE","Czech Republic","2011","2011",29.19,,
"GEHETHSM","Total health and social employment","DENSPPNB","Density per 1 000 population (head counts)","CZE","Czech Republic","2012","2012",29.53,,
"GEHETHSM","Total health and social employment","DENSPPNB","Density per 1 000 population (head counts)","CZE","Czech Republic","2013","2013",29.71,,
"GEHETHSM","Total health and social employment","DENSPPNB","Density per 1 000 population (head counts)","CZE","Czech Republic","2014","2014",30.36,,
"GEHETHSM","Total health and social employment","DENSPPNB","Density per 1 000 population (head counts)","CZE","Czech Republic","2015","2015",30.58,,
"GEHETHSM","Total health and social employment","DENSPPNB","Density per 1 000 population (head counts)","CZE","Czech Republic","2016","2016",31.27,,
"GEHETHSM","Total health and social employment","DENSPPNB","Density per 1 000 population (head counts)","CZE","Czech Republic","2017","2017",32.37,,
"GEHETHSM","Total health and social employment","DENSPPNB","Density per 1 000 population (head counts)","DNK","Denmark","2000","2000",89.33,,
"GEHETHSM","Total health and social employment","DENSPPNB","Density per 1 000 population (head counts)","DNK","Denmark","2001","2001",90.88,,
"GEHETHSM","Total health and social employment","DENSPPNB","Density per 1 000 population (head counts)","DNK","Denmark","2002","2002",91.33,,
"GEHETHSM","Total health and social employment","DENSPPNB","Density per 1 000 population (head counts)","DNK","Denmark","2003","2003",91.64,,
"GEHETHSM","Total health and social employment","DENSPPNB","Density per 1 000 population (head counts)","DNK","Denmark","2004","2004",91.22,,
"GEHETHSM","Total health and social employment","DENSPPNB","Density per 1 000 population (head counts)","DNK","Denmark","2005","2005",91.71,,
"GEHETHSM","Total health and social employment","DENSPPNB","Density per 1 000 population (head counts)","DNK","Denmark","2006","2006",92.69,,
"GEHETHSM","Total health and social employment","DENSPPNB","Density per 1 000 population (head counts)","DNK","Denmark","2007","2007",92.83,,
"GEHETHSM","Total health and social employment","DENSPPNB","Density per 1 000 population (head counts)","DNK","Denmark","2008","2008",92.11,,
"GEHETHSM","Total health and social employment","DENSPPNB","Density per 1 000 population (head counts)","DNK","Denmark","2009","2009",94.15,,
"GEHETHSM","Total health and social employment","DENSPPNB","Density per 1 000 population (head counts)","DNK","Denmark","2010","2010",94.27,,
"GEHETHSM","Total health and social employment","DENSPPNB","Density per 1 000 population (head counts)","DNK","Denmark","2011","2011",92.09,,
"GEHETHSM","Total health and social employment","DENSPPNB","Density per 1 000 population (head counts)","DNK","Denmark","2012","2012",90.67,,
"GEHETHSM","Total health and social employment","DENSPPNB","Density per 1 000 population (head counts)","DNK","Denmark","2013","2013",91.01,,
"GEHETHSM","Total health and social employment","DENSPPNB","Density per 1 000 population (head counts)","DNK","Denmark","2014","2014",90.02,,
"GEHETHSM","Total health and social employment","DENSPPNB","Density per 1 000 population (head counts)","DNK","Denmark","2015","2015",89.03,,
"GEHETHSM","Total health and social employment","DENSPPNB","Density per 1 000 population (head counts)","DNK","Denmark","2016","2016",88.34,,
"GEHETHSM","Total health and social employment","DENSPPNB","Density per 1 000 population (head counts)","DNK","Denmark","2017","2017",88.64,,
"GEHETHSM","Total health and social employment","DENSPPNB","Density per 1 000 population (head counts)","FIN","Finland","2000","2000",58.54,,
"GEHETHSM","Total health and social employment","DENSPPNB","Density per 1 000 population (head counts)","FIN","Finland","2001","2001",60.31,,
"GEHETHSM","Total health and social employment","DENSPPNB","Density per 1 000 population (head counts)","FIN","Finland","2002","2002",61.47,,
"GEHETHSM","Total health and social employment","DENSPPNB","Density per 1 000 population (head counts)","FIN","Finland","2003","2003",62,,
"GEHETHSM","Total health and social employment","DENSPPNB","Density per 1 000 population (head counts)","FIN","Finland","2004","2004",62.7,,
"GEHETHSM","Total health and social employment","DENSPPNB","Density per 1 000 population (head counts)","FIN","Finland","2005","2005",63.65,,
"GEHETHSM","Total health and social employment","DENSPPNB","Density per 1 000 population (head counts)","FIN","Finland","2006","2006",64.39,,
"GEHETHSM","Total health and social employment","DENSPPNB","Density per 1 000 population (head counts)","FIN","Finland","2007","2007",65.1,,
"GEHETHSM","Total health and social employment","DENSPPNB","Density per 1 000 population (head counts)","FIN","Finland","2008","2008",66.89,,
"GEHETHSM","Total health and social employment","DENSPPNB","Density per 1 000 population (head counts)","FIN","Finland","2009","2009",67.82,,
"GEHETHSM","Total health and social employment","DENSPPNB","Density per 1 000 population (head counts)","FIN","Finland","2010","2010",67.92,,
"GEHETHSM","Total health and social employment","DENSPPNB","Density per 1 000 population (head counts)","FIN","Finland","2011","2011",69.26,,
"GEHETHSM","Total health and social employment","DENSPPNB","Density per 1 000 population (head counts)","FIN","Finland","2012","2012",70.65,,
"GEHETHSM","Total health and social employment","DENSPPNB","Density per 1 000 population (head counts)","FIN","Finland","2013","2013",70.79,,
"GEHETHSM","Total health and social employment","DENSPPNB","Density per 1 000 population (head counts)","FIN","Finland","2014","2014",70.58,,
"GEHETHSM","Total health and social employment","DENSPPNB","Density per 1 000 population (head counts)","FIN","Finland","2015","2015",71.17,,
"GEHETHSM","Total health and social employment","DENSPPNB","Density per 1 000 population (head counts)","FIN","Finland","2016","2016",71.7,,
"GEHETHSM","Total health and social employment","DENSPPNB","Density per 1 000 population (head counts)","FIN","Finland","2017","2017",72.24,,
"GEHETHSM","Total health and social employment","DENSPPNB","Density per 1 000 population (head counts)","FRA","France","2000","2000",50.33,,
"GEHETHSM","Total health and social employment","DENSPPNB","Density per 1 000 population (head counts)","FRA","France","2001","2001",49.87,,
"GEHETHSM","Total health and social employment","DENSPPNB","Density per 1 000 population (head counts)","FRA","France","2002","2002",49.93,,
"GEHETHSM","Total health and social employment","DENSPPNB","Density per 1 000 population (head counts)","FRA","France","2003","2003",50.08,,
"GEHETHSM","Total health and social employment","DENSPPNB","Density per 1 000 population (head counts)","FRA","France","2004","2004",50.89,,
"GEHETHSM","Total health and social employment","DENSPPNB","Density per 1 000 population (head counts)","FRA","France","2005","2005",51.89,,
"GEHETHSM","Total health and social employment","DENSPPNB","Density per 1 000 population (head counts)","FRA","France","2006","2006",52.86,,
"GEHETHSM","Total health and social employment","DENSPPNB","Density per 1 000 population (head counts)","FRA","France","2007","2007",53.83,,
"GEHETHSM","Total health and social employment","DENSPPNB","Density per 1 000 population (head counts)","FRA","France","2008","2008",54.25,,
"GEHETHSM","Total health and social employment","DENSPPNB","Density per 1 000 population (head counts)","FRA","France","2009","2009",55.27,,
"GEHETHSM","Total health and social employment","DENSPPNB","Density per 1 000 population (head counts)","FRA","France","2010","2010",55.91,,
"GEHETHSM","Total health and social employment","DENSPPNB","Density per 1 000 population (head counts)","FRA","France","2011","2011",56.67,,
"GEHETHSM","Total health and social employment","DENSPPNB","Density per 1 000 population (head counts)","FRA","France","2012","2012",57.02,,
"GEHETHSM","Total health and social employment","DENSPPNB","Density per 1 000 population (head counts)","FRA","France","2013","2013",57.43,,
"GEHETHSM","Total health and social employment","DENSPPNB","Density per 1 000 population (head counts)","FRA","France","2014","2014",57.83,,
"GEHETHSM","Total health and social employment","DENSPPNB","Density per 1 000 population (head counts)","FRA","France","2015","2015",58.14,,
"GEHETHSM","Total health and social employment","DENSPPNB","Density per 1 000 population (head counts)","FRA","France","2016","2016",58.45,"P","Provisional value"
"GEHETHSM","Total health and social employment","DENSPPNB","Density per 1 000 population (head counts)","DEU","Germany","2000","2000",50.33,,
"GEHETHSM","Total health and social employment","DENSPPNB","Density per 1 000 population (head counts)","DEU","Germany","2001","2001",50.36,,
"GEHETHSM","Total health and social employment","DENSPPNB","Density per 1 000 population (head counts)","DEU","Germany","2002","2002",51.75,,
"GEHETHSM","Total health and social employment","DENSPPNB","Density per 1 000 population (head counts)","DEU","Germany","2003","2003",52.31,,
"GEHETHSM","Total health and social employment","DENSPPNB","Density per 1 000 population (head counts)","DEU","Germany","2004","2004",53.19,,
"GEHETHSM","Total health and social employment","DENSPPNB","Density per 1 000 population (head counts)","DEU","Germany","2005","2005",53.95,,
"GEHETHSM","Total health and social employment","DENSPPNB","Density per 1 000 population (head counts)","DEU","Germany","2006","2006",54.21,,
"GEHETHSM","Total health and social employment","DENSPPNB","Density per 1 000 population (head counts)","DEU","Germany","2007","2007",54.97,,
"GEHETHSM","Total health and social employment","DENSPPNB","Density per 1 000 population (head counts)","DEU","Germany","2008","2008",56.12,,
"GEHETHSM","Total health and social employment","DENSPPNB","Density per 1 000 population (head counts)","DEU","Germany","2009","2009",58.14,,
"GEHETHSM","Total health and social employment","DENSPPNB","Density per 1 000 population (head counts)","DEU","Germany","2010","2010",59.7,,
"GEHETHSM","Total health and social employment","DENSPPNB","Density per 1 000 population (head counts)","DEU","Germany","2011","2011",62.11,,
"GEHETHSM","Total health and social employment","DENSPPNB","Density per 1 000 population (head counts)","DEU","Germany","2012","2012",63.49,,
"GEHETHSM","Total health and social employment","DENSPPNB","Density per 1 000 population (head counts)","DEU","Germany","2013","2013",64.42,,
"GEHETHSM","Total health and social employment","DENSPPNB","Density per 1 000 population (head counts)","DEU","Germany","2014","2014",66.09,,
"GEHETHSM","Total health and social employment","DENSPPNB","Density per 1 000 population (head counts)","DEU","Germany","2015","2015",67.95,,
"GEHETHSM","Total health and social employment","DENSPPNB","Density per 1 000 population (head counts)","DEU","Germany","2016","2016",69.73,,
"GEHETHSM","Total health and social employment","DENSPPNB","Density per 1 000 population (head counts)","DEU","Germany","2017","2017",71.11,,
"GEHETHSM","Total health and social employment","DENSPPNB","Density per 1 000 population (head counts)","GRC","Greece","2000","2000",16.73,,
"GEHETHSM","Total health and social employment","DENSPPNB","Density per 1 000 population (head counts)","GRC","Greece","2001","2001",16.58,,
"GEHETHSM","Total health and social employment","DENSPPNB","Density per 1 000 population (head counts)","GRC","Greece","2002","2002",17.08,,
"GEHETHSM","Total health and social employment","DENSPPNB","Density per 1 000 population (head counts)","GRC","Greece","2003","2003",17.28,,
"GEHETHSM","Total health and social employment","DENSPPNB","Density per 1 000 population (head counts)","GRC","Greece","2004","2004",19.91,,
"GEHETHSM","Total health and social employment","DENSPPNB","Density per 1 000 population (head counts)","GRC","Greece","2005","2005",19.6,,
"GEHETHSM","Total health and social employment","DENSPPNB","Density per 1 000 population (head counts)","GRC","Greece","2006","2006",20.14,,
"GEHETHSM","Total health and social employment","DENSPPNB","Density per 1 000 population (head counts)","GRC","Greece","2007","2007",21.37,,
"GEHETHSM","Total health and social employment","DENSPPNB","Density per 1 000 population (head counts)","GRC","Greece","2008","2008",21.02,,
"GEHETHSM","Total health and social employment","DENSPPNB","Density per 1 000 population (head counts)","GRC","Greece","2009","2009",20.85,,
"GEHETHSM","Total health and social employment","DENSPPNB","Density per 1 000 population (head counts)","GRC","Greece","2010","2010",21.33,,
"GEHETHSM","Total health and social employment","DENSPPNB","Density per 1 000 population (head counts)","GRC","Greece","2011","2011",20.87,"P","Provisional value"
"GEHETHSM","Total health and social employment","DENSPPNB","Density per 1 000 population (head counts)","GRC","Greece","2012","2012",20.24,"P","Provisional value"
"GEHETHSM","Total health and social employment","DENSPPNB","Density per 1 000 population (head counts)","GRC","Greece","2013","2013",19.59,"P","Provisional value"
"GEHETHSM","Total health and social employment","DENSPPNB","Density per 1 000 population (head counts)","GRC","Greece","2014","2014",19.55,"P","Provisional value"
"GEHETHSM","Total health and social employment","DENSPPNB","Density per 1 000 population (head counts)","GRC","Greece","2015","2015",19.98,"P","Provisional value"
"GEHETHSM","Total health and social employment","DENSPPNB","Density per 1 000 population (head counts)","GRC","Greece","2016","2016",20.46,"P","Provisional value"
"GEHETHSM","Total health and social employment","DENSPPNB","Density per 1 000 population (head counts)","GRC","Greece","2017","2017",20.76,"P","Provisional value"
"GEHETHSM","Total health and social employment","DENSPPNB","Density per 1 000 population (head counts)","HUN","Hungary","2000","2000",24.54,,
"GEHETHSM","Total health and social employment","DENSPPNB","Density per 1 000 population (head counts)","HUN","Hungary","2001","2001",24.06,,
"GEHETHSM","Total health and social employment","DENSPPNB","Density per 1 000 population (head counts)","HUN","Hungary","2002","2002",24.3,,
"GEHETHSM","Total health and social employment","DENSPPNB","Density per 1 000 population (head counts)","HUN","Hungary","2003","2003",26.89,,
"GEHETHSM","Total health and social employment","DENSPPNB","Density per 1 000 population (head counts)","HUN","Hungary","2004","2004",27.1,,
"GEHETHSM","Total health and social employment","DENSPPNB","Density per 1 000 population (head counts)","HUN","Hungary","2005","2005",26.45,,
"GEHETHSM","Total health and social employment","DENSPPNB","Density per 1 000 population (head counts)","HUN","Hungary","2006","2006",27.06,,
"GEHETHSM","Total health and social employment","DENSPPNB","Density per 1 000 population (head counts)","HUN","Hungary","2007","2007",25.9,,
"GEHETHSM","Total health and social employment","DENSPPNB","Density per 1 000 population (head counts)","HUN","Hungary","2008","2008",25.01,,
"GEHETHSM","Total health and social employment","DENSPPNB","Density per 1 000 population (head counts)","HUN","Hungary","2009","2009",26.18,,
"GEHETHSM","Total health and social employment","DENSPPNB","Density per 1 000 population (head counts)","HUN","Hungary","2010","2010",26.28,,
"GEHETHSM","Total health and social employment","DENSPPNB","Density per 1 000 population (head counts)","HUN","Hungary","2011","2011",27.42,,
"GEHETHSM","Total health and social employment","DENSPPNB","Density per 1 000 population (head counts)","HUN","Hungary","2012","2012",26.68,,
"GEHETHSM","Total health and social employment","DENSPPNB","Density per 1 000 population (head counts)","HUN","Hungary","2013","2013",27.12,,
"GEHETHSM","Total health and social employment","DENSPPNB","Density per 1 000 population (head counts)","HUN","Hungary","2014","2014",28.44,,
"GEHETHSM","Total health and social employment","DENSPPNB","Density per 1 000 population (head counts)","HUN","Hungary","2015","2015",29.84,,
"GEHETHSM","Total health and social employment","DENSPPNB","Density per 1 000 population (head counts)","HUN","Hungary","2016","2016",29.95,,
"GEHETHSM","Total health and social employment","DENSPPNB","Density per 1 000 population (head counts)","HUN","Hungary","2017","2017",30.68,,
"GEHETHSM","Total health and social employment","DENSPPNB","Density per 1 000 population (head counts)","ISL","Iceland","2008","2008",63.95,"P","Provisional value"
"GEHETHSM","Total health and social employment","DENSPPNB","Density per 1 000 population (head counts)","ISL","Iceland","2009","2009",65.31,"P","Provisional value"
"GEHETHSM","Total health and social employment","DENSPPNB","Density per 1 000 population (head counts)","ISL","Iceland","2010","2010",63.83,"P","Provisional value"
"GEHETHSM","Total health and social employment","DENSPPNB","Density per 1 000 population (head counts)","ISL","Iceland","2011","2011",61.75,"P","Provisional value"
"GEHETHSM","Total health and social employment","DENSPPNB","Density per 1 000 population (head counts)","ISL","Iceland","2012","2012",61.74,"P","Provisional value"
"GEHETHSM","Total health and social employment","DENSPPNB","Density per 1 000 population (head counts)","ISL","Iceland","2013","2013",62.39,"P","Provisional value"
"GEHETHSM","Total health and social employment","DENSPPNB","Density per 1 000 population (head counts)","ISL","Iceland","2014","2014",62.62,"P","Provisional value"
"GEHETHSM","Total health and social employment","DENSPPNB","Density per 1 000 population (head counts)","ISL","Iceland","2015","2015",63.18,"P","Provisional value"
"GEHETHSM","Total health and social employment","DENSPPNB","Density per 1 000 population (head counts)","ISL","Iceland","2016","2016",62.6,"P","Provisional value"
"GEHETHSM","Total health and social employment","DENSPPNB","Density per 1 000 population (head counts)","ISL","Iceland","2017","2017",62.32,"P","Provisional value"
"GEHETHSM","Total health and social employment","DENSPPNB","Density per 1 000 population (head counts)","ISL","Iceland","2018","2018",64.86,"P","Provisional value"
"GEHETHSM","Total health and social employment","DENSPPNB","Density per 1 000 population (head counts)","IRL","Ireland","2000","2000",34.91,,
"GEHETHSM","Total health and social employment","DENSPPNB","Density per 1 000 population (head counts)","IRL","Ireland","2001","2001",37.56,,
"GEHETHSM","Total health and social employment","DENSPPNB","Density per 1 000 population (head counts)","IRL","Ireland","2002","2002",40.5,,
"GEHETHSM","Total health and social employment","DENSPPNB","Density per 1 000 population (head counts)","IRL","Ireland","2003","2003",42.94,,
"GEHETHSM","Total health and social employment","DENSPPNB","Density per 1 000 population (head counts)","IRL","Ireland","2004","2004",44.08,,
"GEHETHSM","Total health and social employment","DENSPPNB","Density per 1 000 population (head counts)","IRL","Ireland","2005","2005",45.58,,
"GEHETHSM","Total health and social employment","DENSPPNB","Density per 1 000 population (head counts)","IRL","Ireland","2006","2006",47.83,,
"GEHETHSM","Total health and social employment","DENSPPNB","Density per 1 000 population (head counts)","IRL","Ireland","2007","2007",49.5,,
"GEHETHSM","Total health and social employment","DENSPPNB","Density per 1 000 population (head counts)","IRL","Ireland","2008","2008",50.36,,
"GEHETHSM","Total health and social employment","DENSPPNB","Density per 1 000 population (head counts)","IRL","Ireland","2009","2009",51.48,,
"GEHETHSM","Total health and social employment","DENSPPNB","Density per 1 000 population (head counts)","IRL","Ireland","2010","2010",50.38,"B","Break"
"GEHETHSM","Total health and social employment","DENSPPNB","Density per 1 000 population (head counts)","IRL","Ireland","2011","2011",50.6,,
"GEHETHSM","Total health and social employment","DENSPPNB","Density per 1 000 population (head counts)","IRL","Ireland","2012","2012",50.8,,
"GEHETHSM","Total health and social employment","DENSPPNB","Density per 1 000 population (head counts)","IRL","Ireland","2013","2013",51.3,,
"GEHETHSM","Total health and social employment","DENSPPNB","Density per 1 000 population (head counts)","IRL","Ireland","2014","2014",51.4,,
"GEHETHSM","Total health and social employment","DENSPPNB","Density per 1 000 population (head counts)","IRL","Ireland","2015","2015",52.11,,
"GEHETHSM","Total health and social employment","DENSPPNB","Density per 1 000 population (head counts)","IRL","Ireland","2016","2016",52.33,,
"GEHETHSM","Total health and social employment","DENSPPNB","Density per 1 000 population (head counts)","IRL","Ireland","2017","2017",53.17,,
"GEHETHSM","Total health and social employment","DENSPPNB","Density per 1 000 population (head counts)","ITA","Italy","2000","2000",26.3,,
"GEHETHSM","Total health and social employment","DENSPPNB","Density per 1 000 population (head counts)","ITA","Italy","2001","2001",26.87,,
"GEHETHSM","Total health and social employment","DENSPPNB","Density per 1 000 population (head counts)","ITA","Italy","2002","2002",27.25,,
"GEHETHSM","Total health and social employment","DENSPPNB","Density per 1 000 population (head counts)","ITA","Italy","2003","2003",27.62,,
"GEHETHSM","Total health and social employment","DENSPPNB","Density per 1 000 population (head counts)","ITA","Italy","2004","2004",27.93,,
"GEHETHSM","Total health and social employment","DENSPPNB","Density per 1 000 population (head counts)","ITA","Italy","2005","2005",28.18,,
"GEHETHSM","Total health and social employment","DENSPPNB","Density per 1 000 population (head counts)","ITA","Italy","2006","2006",28.26,,
"GEHETHSM","Total health and social employment","DENSPPNB","Density per 1 000 population (head counts)","ITA","Italy","2007","2007",28.25,,
"GEHETHSM","Total health and social employment","DENSPPNB","Density per 1 000 population (head counts)","ITA","Italy","2008","2008",28.84,,
"GEHETHSM","Total health and social employment","DENSPPNB","Density per 1 000 population (head counts)","ITA","Italy","2009","2009",28.96,,
"GEHETHSM","Total health and social employment","DENSPPNB","Density per 1 000 population (head counts)","ITA","Italy","2010","2010",29.14,,
"GEHETHSM","Total health and social employment","DENSPPNB","Density per 1 000 population (head counts)","ITA","Italy","2011","2011",29.69,,
"GEHETHSM","Total health and social employment","DENSPPNB","Density per 1 000 population (head counts)","ITA","Italy","2012","2012",29.9,,
"GEHETHSM","Total health and social employment","DENSPPNB","Density per 1 000 population (head counts)","ITA","Italy","2013","2013",29.87,,
"GEHETHSM","Total health and social employment","DENSPPNB","Density per 1 000 population (head counts)","ITA","Italy","2014","2014",30.18,,
"GEHETHSM","Total health and social employment","DENSPPNB","Density per 1 000 population (head counts)","ITA","Italy","2015","2015",30.72,,
"GEHETHSM","Total health and social employment","DENSPPNB","Density per 1 000 population (head counts)","ITA","Italy","2016","2016",31.29,,
"GEHETHSM","Total health and social employment","DENSPPNB","Density per 1 000 population (head counts)","ITA","Italy","2017","2017",32.23,,
"GEHETHSM","Total health and social employment","DENSPPNB","Density per 1 000 population (head counts)","JPN","Japan","2000","2000",35.57,,
"GEHETHSM","Total health and social employment","DENSPPNB","Density per 1 000 population (head counts)","JPN","Japan","2001","2001",37.47,,
"GEHETHSM","Total health and social employment","DENSPPNB","Density per 1 000 population (head counts)","JPN","Japan","2002","2002",38.91,,
"GEHETHSM","Total health and social employment","DENSPPNB","Density per 1 000 population (head counts)","JPN","Japan","2003","2003",40.56,,
"GEHETHSM","Total health and social employment","DENSPPNB","Density per 1 000 population (head counts)","JPN","Japan","2004","2004",42.34,,
"GEHETHSM","Total health and social employment","DENSPPNB","Density per 1 000 population (head counts)","JPN","Japan","2005","2005",44.69,,
"GEHETHSM","Total health and social employment","DENSPPNB","Density per 1 000 population (head counts)","JPN","Japan","2006","2006",46.32,,
"GEHETHSM","Total health and social employment","DENSPPNB","Density per 1 000 population (head counts)","JPN","Japan","2007","2007",47.39,,
"GEHETHSM","Total health and social employment","DENSPPNB","Density per 1 000 population (head counts)","JPN","Japan","2008","2008",49.19,,
"GEHETHSM","Total health and social employment","DENSPPNB","Density per 1 000 population (head counts)","JPN","Japan","2009","2009",51.29,,
"GEHETHSM","Total health and social employment","DENSPPNB","Density per 1 000 population (head counts)","JPN","Japan","2010","2010",54.12,,
"GEHETHSM","Total health and social employment","DENSPPNB","Density per 1 000 population (head counts)","JPN","Japan","2011","2011",56.03,,
"GEHETHSM","Total health and social employment","DENSPPNB","Density per 1 000 population (head counts)","JPN","Japan","2012","2012",58.5,,
"GEHETHSM","Total health and social employment","DENSPPNB","Density per 1 000 population (head counts)","JPN","Japan","2013","2013",60.48,,
"GEHETHSM","Total health and social employment","DENSPPNB","Density per 1 000 population (head counts)","JPN","Japan","2014","2014",62.26,,
"GEHETHSM","Total health and social employment","DENSPPNB","Density per 1 000 population (head counts)","JPN","Japan","2015","2015",64.63,,
"GEHETHSM","Total health and social employment","DENSPPNB","Density per 1 000 population (head counts)","KOR","Korea","2008","2008",17.34,,
"GEHETHSM","Total health and social employment","DENSPPNB","Density per 1 000 population (head counts)","KOR","Korea","2009","2009",20.41,,
"GEHETHSM","Total health and social employment","DENSPPNB","Density per 1 000 population (head counts)","KOR","Korea","2010","2010",23.45,,
"GEHETHSM","Total health and social employment","DENSPPNB","Density per 1 000 population (head counts)","KOR","Korea","2011","2011",26.6,,
"GEHETHSM","Total health and social employment","DENSPPNB","Density per 1 000 population (head counts)","KOR","Korea","2012","2012",28.19,,
"GEHETHSM","Total health and social employment","DENSPPNB","Density per 1 000 population (head counts)","KOR","Korea","2013","2013",31.04,,
"GEHETHSM","Total health and social employment","DENSPPNB","Density per 1 000 population (head counts)","KOR","Korea","2014","2014",33.67,,
"GEHETHSM","Total health and social employment","DENSPPNB","Density per 1 000 population (head counts)","KOR","Korea","2015","2015",34.91,,
"GEHETHSM","Total health and social employment","DENSPPNB","Density per 1 000 population (head counts)","KOR","Korea","2016","2016",36.31,,
"GEHETHSM","Total health and social employment","DENSPPNB","Density per 1 000 population (head counts)","KOR","Korea","2017","2017",37.35,,
"GEHETHSM","Total health and social employment","DENSPPNB","Density per 1 000 population (head counts)","LUX","Luxembourg","2000","2000",40.39,,
"GEHETHSM","Total health and social employment","DENSPPNB","Density per 1 000 population (head counts)","LUX","Luxembourg","2001","2001",42.12,,
"GEHETHSM","Total health and social employment","DENSPPNB","Density per 1 000 population (head counts)","LUX","Luxembourg","2002","2002",44.97,,
"GEHETHSM","Total health and social employment","DENSPPNB","Density per 1 000 population (head counts)","LUX","Luxembourg","2003","2003",47.69,,
"GEHETHSM","Total health and social employment","DENSPPNB","Density per 1 000 population (head counts)","LUX","Luxembourg","2004","2004",50.01,,
"GEHETHSM","Total health and social employment","DENSPPNB","Density per 1 000 population (head counts)","LUX","Luxembourg","2005","2005",52.2,,
"GEHETHSM","Total health and social employment","DENSPPNB","Density per 1 000 population (head counts)","LUX","Luxembourg","2006","2006",54.2,,
"GEHETHSM","Total health and social employment","DENSPPNB","Density per 1 000 population (head counts)","LUX","Luxembourg","2007","2007",56.29,,
"GEHETHSM","Total health and social employment","DENSPPNB","Density per 1 000 population (head counts)","LUX","Luxembourg","2008","2008",58.25,,
"GEHETHSM","Total health and social employment","DENSPPNB","Density per 1 000 population (head counts)","LUX","Luxembourg","2009","2009",59.84,,
"GEHETHSM","Total health and social employment","DENSPPNB","Density per 1 000 population (head counts)","LUX","Luxembourg","2010","2010",63.35,,
"GEHETHSM","Total health and social employment","DENSPPNB","Density per 1 000 population (head counts)","LUX","Luxembourg","2011","2011",65.36,,
"GEHETHSM","Total health and social employment","DENSPPNB","Density per 1 000 population (head counts)","LUX","Luxembourg","2012","2012",67.85,,
"GEHETHSM","Total health and social employment","DENSPPNB","Density per 1 000 population (head counts)","LUX","Luxembourg","2013","2013",71.24,,
"GEHETHSM","Total health and social employment","DENSPPNB","Density per 1 000 population (head counts)","LUX","Luxembourg","2014","2014",73.01,,
"GEHETHSM","Total health and social employment","DENSPPNB","Density per 1 000 population (head counts)","LUX","Luxembourg","2015","2015",74.01,,
"GEHETHSM","Total health and social employment","DENSPPNB","Density per 1 000 population (head counts)","LUX","Luxembourg","2016","2016",74.18,,
"GEHETHSM","Total health and social employment","DENSPPNB","Density per 1 000 population (head counts)","LUX","Luxembourg","2017","2017",76.07,,
"GEHETHSM","Total health and social employment","DENSPPNB","Density per 1 000 population (head counts)","MEX","Mexico","2000","2000",8.94,,
"GEHETHSM","Total health and social employment","DENSPPNB","Density per 1 000 population (head counts)","MEX","Mexico","2001","2001",8.98,,
"GEHETHSM","Total health and social employment","DENSPPNB","Density per 1 000 population (head counts)","MEX","Mexico","2002","2002",8.91,,
"GEHETHSM","Total health and social employment","DENSPPNB","Density per 1 000 population (head counts)","MEX","Mexico","2003","2003",9.13,,
"GEHETHSM","Total health and social employment","DENSPPNB","Density per 1 000 population (head counts)","MEX","Mexico","2004","2004",9.06,,
"GEHETHSM","Total health and social employment","DENSPPNB","Density per 1 000 population (head counts)","MEX","Mexico","2005","2005",9,,
"GEHETHSM","Total health and social employment","DENSPPNB","Density per 1 000 population (head counts)","MEX","Mexico","2006","2006",8.9,,
"GEHETHSM","Total health and social employment","DENSPPNB","Density per 1 000 population (head counts)","MEX","Mexico","2007","2007",9.09,,
"GEHETHSM","Total health and social employment","DENSPPNB","Density per 1 000 population (head counts)","MEX","Mexico","2008","2008",9.06,,
"GEHETHSM","Total health and social employment","DENSPPNB","Density per 1 000 population (head counts)","MEX","Mexico","2009","2009",9.07,,
"GEHETHSM","Total health and social employment","DENSPPNB","Density per 1 000 population (head counts)","MEX","Mexico","2010","2010",9.18,,
"GEHETHSM","Total health and social employment","DENSPPNB","Density per 1 000 population (head counts)","MEX","Mexico","2011","2011",9.22,,
"GEHETHSM","Total health and social employment","DENSPPNB","Density per 1 000 population (head counts)","MEX","Mexico","2012","2012",9.23,,
"GEHETHSM","Total health and social employment","DENSPPNB","Density per 1 000 population (head counts)","MEX","Mexico","2013","2013",9.32,,
"GEHETHSM","Total health and social employment","DENSPPNB","Density per 1 000 population (head counts)","MEX","Mexico","2014","2014",9.27,,
"GEHETHSM","Total health and social employment","DENSPPNB","Density per 1 000 population (head counts)","MEX","Mexico","2015","2015",9.28,,
"GEHETHSM","Total health and social employment","DENSPPNB","Density per 1 000 population (head counts)","MEX","Mexico","2016","2016",9.3,"P","Provisional value"
"GEHETHSM","Total health and social employment","DENSPPNB","Density per 1 000 population (head counts)","MEX","Mexico","2017","2017",9.36,"P","Provisional value"
"GEHETHSM","Total health and social employment","DENSPPNB","Density per 1 000 population (head counts)","NLD","Netherlands","2000","2000",63.17,,
"GEHETHSM","Total health and social employment","DENSPPNB","Density per 1 000 population (head counts)","NLD","Netherlands","2001","2001",65.37,,
"GEHETHSM","Total health and social employment","DENSPPNB","Density per 1 000 population (head counts)","NLD","Netherlands","2002","2002",68.43,,
"GEHETHSM","Total health and social employment","DENSPPNB","Density per 1 000 population (head counts)","NLD","Netherlands","2003","2003",71,,
"GEHETHSM","Total health and social employment","DENSPPNB","Density per 1 000 population (head counts)","NLD","Netherlands","2004","2004",70.75,,
"GEHETHSM","Total health and social employment","DENSPPNB","Density per 1 000 population (head counts)","NLD","Netherlands","2005","2005",72.98,,
"GEHETHSM","Total health and social employment","DENSPPNB","Density per 1 000 population (head counts)","NLD","Netherlands","2006","2006",74.94,,
"GEHETHSM","Total health and social employment","DENSPPNB","Density per 1 000 population (head counts)","NLD","Netherlands","2007","2007",76.98,,
"GEHETHSM","Total health and social employment","DENSPPNB","Density per 1 000 population (head counts)","NLD","Netherlands","2008","2008",79.35,,
"GEHETHSM","Total health and social employment","DENSPPNB","Density per 1 000 population (head counts)","NLD","Netherlands","2009","2009",81.12,,
"GEHETHSM","Total health and social employment","DENSPPNB","Density per 1 000 population (head counts)","NLD","Netherlands","2010","2010",83.9,,
"GEHETHSM","Total health and social employment","DENSPPNB","Density per 1 000 population (head counts)","NLD","Netherlands","2011","2011",85.07,,
"GEHETHSM","Total health and social employment","DENSPPNB","Density per 1 000 population (head counts)","NLD","Netherlands","2012","2012",85.71,,
"GEHETHSM","Total health and social employment","DENSPPNB","Density per 1 000 population (head counts)","NLD","Netherlands","2013","2013",84.92,,
"GEHETHSM","Total health and social employment","DENSPPNB","Density per 1 000 population (head counts)","NLD","Netherlands","2014","2014",82.83,,
"GEHETHSM","Total health and social employment","DENSPPNB","Density per 1 000 population (head counts)","NLD","Netherlands","2015","2015",81.35,,
"GEHETHSM","Total health and social employment","DENSPPNB","Density per 1 000 population (head counts)","NLD","Netherlands","2016","2016",80.62,"P","Provisional value"
"GEHETHSM","Total health and social employment","DENSPPNB","Density per 1 000 population (head counts)","NLD","Netherlands","2017","2017",81.61,"P","Provisional value"
"GEHETHSM","Total health and social employment","DENSPPNB","Density per 1 000 population (head counts)","NZL","New Zealand","2013","2013",55.11,,
"GEHETHSM","Total health and social employment","DENSPPNB","Density per 1 000 population (head counts)","NZL","New Zealand","2014","2014",55.5,,
"GEHETHSM","Total health and social employment","DENSPPNB","Density per 1 000 population (head counts)","NZL","New Zealand","2015","2015",55.53,,
"GEHETHSM","Total health and social employment","DENSPPNB","Density per 1 000 population (head counts)","NOR","Norway","2000","2000",91.74,,
"GEHETHSM","Total health and social employment","DENSPPNB","Density per 1 000 population (head counts)","NOR","Norway","2001","2001",94.6,,
"GEHETHSM","Total health and social employment","DENSPPNB","Density per 1 000 population (head counts)","NOR","Norway","2002","2002",96.74,,
"GEHETHSM","Total health and social employment","DENSPPNB","Density per 1 000 population (head counts)","NOR","Norway","2003","2003",96.83,,
"GEHETHSM","Total health and social employment","DENSPPNB","Density per 1 000 population (head counts)","NOR","Norway","2004","2004",99.09,,
"GEHETHSM","Total health and social employment","DENSPPNB","Density per 1 000 population (head counts)","NOR","Norway","2005","2005",99.5,,
"GEHETHSM","Total health and social employment","DENSPPNB","Density per 1 000 population (head counts)","NOR","Norway","2006","2006",101.92,,
"GEHETHSM","Total health and social employment","DENSPPNB","Density per 1 000 population (head counts)","NOR","Norway","2007","2007",103.42,,
"GEHETHSM","Total health and social employment","DENSPPNB","Density per 1 000 population (head counts)","NOR","Norway","2008","2008",105.07,,
"GEHETHSM","Total health and social employment","DENSPPNB","Density per 1 000 population (head counts)","NOR","Norway","2009","2009",106.03,,
"GEHETHSM","Total health and social employment","DENSPPNB","Density per 1 000 population (head counts)","NOR","Norway","2010","2010",106.36,,
"GEHETHSM","Total health and social employment","DENSPPNB","Density per 1 000 population (head counts)","NOR","Norway","2011","2011",108.01,,
"GEHETHSM","Total health and social employment","DENSPPNB","Density per 1 000 population (head counts)","NOR","Norway","2012","2012",108.6,,
"GEHETHSM","Total health and social employment","DENSPPNB","Density per 1 000 population (head counts)","NOR","Norway","2013","2013",109.06,,
"GEHETHSM","Total health and social employment","DENSPPNB","Density per 1 000 population (head counts)","NOR","Norway","2014","2014",109.2,,
"GEHETHSM","Total health and social employment","DENSPPNB","Density per 1 000 population (head counts)","NOR","Norway","2015","2015",109.66,,
"GEHETHSM","Total health and social employment","DENSPPNB","Density per 1 000 population (head counts)","NOR","Norway","2016","2016",110.04,,
"GEHETHSM","Total health and social employment","DENSPPNB","Density per 1 000 population (head counts)","POL","Poland","2000","2000",23.2,,
"GEHETHSM","Total health and social employment","DENSPPNB","Density per 1 000 population (head counts)","POL","Poland","2001","2001",20.75,,
"GEHETHSM","Total health and social employment","DENSPPNB","Density per 1 000 population (head counts)","POL","Poland","2002","2002",21.12,,
"GEHETHSM","Total health and social employment","DENSPPNB","Density per 1 000 population (head counts)","POL","Poland","2003","2003",21.65,,
"GEHETHSM","Total health and social employment","DENSPPNB","Density per 1 000 population (head counts)","POL","Poland","2004","2004",20.85,,
"GEHETHSM","Total health and social employment","DENSPPNB","Density per 1 000 population (head counts)","POL","Poland","2005","2005",20.84,,
"GEHETHSM","Total health and social employment","DENSPPNB","Density per 1 000 population (head counts)","POL","Poland","2006","2006",22.01,,
"GEHETHSM","Total health and social employment","DENSPPNB","Density per 1 000 population (head counts)","POL","Poland","2007","2007",21.91,,
"GEHETHSM","Total health and social employment","DENSPPNB","Density per 1 000 population (head counts)","POL","Poland","2008","2008",22.39,,
"GEHETHSM","Total health and social employment","DENSPPNB","Density per 1 000 population (head counts)","POL","Poland","2009","2009",23.03,,
"GEHETHSM","Total health and social employment","DENSPPNB","Density per 1 000 population (head counts)","POL","Poland","2010","2010",23.66,"B","Break"
"GEHETHSM","Total health and social employment","DENSPPNB","Density per 1 000 population (head counts)","POL","Poland","2011","2011",23.34,,
"GEHETHSM","Total health and social employment","DENSPPNB","Density per 1 000 population (head counts)","POL","Poland","2012","2012",23.74,,
"GEHETHSM","Total health and social employment","DENSPPNB","Density per 1 000 population (head counts)","POL","Poland","2013","2013",24.66,,
"GEHETHSM","Total health and social employment","DENSPPNB","Density per 1 000 population (head counts)","POL","Poland","2014","2014",24.56,,
"GEHETHSM","Total health and social employment","DENSPPNB","Density per 1 000 population (head counts)","POL","Poland","2015","2015",24.85,,
"GEHETHSM","Total health and social employment","DENSPPNB","Density per 1 000 population (head counts)","POL","Poland","2016","2016",25.41,,
"GEHETHSM","Total health and social employment","DENSPPNB","Density per 1 000 population (head counts)","POL","Poland","2017","2017",25.76,,
"GEHETHSM","Total health and social employment","DENSPPNB","Density per 1 000 population (head counts)","PRT","Portugal","2000","2000",27.63,,
"GEHETHSM","Total health and social employment","DENSPPNB","Density per 1 000 population (head counts)","PRT","Portugal","2001","2001",27.9,,
"GEHETHSM","Total health and social employment","DENSPPNB","Density per 1 000 population (head counts)","PRT","Portugal","2002","2002",28.98,,
"GEHETHSM","Total health and social employment","DENSPPNB","Density per 1 000 population (head counts)","PRT","Portugal","2003","2003",29.01,,
"GEHETHSM","Total health and social employment","DENSPPNB","Density per 1 000 population (head counts)","PRT","Portugal","2004","2004",29.42,,
"GEHETHSM","Total health and social employment","DENSPPNB","Density per 1 000 population (head counts)","PRT","Portugal","2005","2005",29.98,,
"GEHETHSM","Total health and social employment","DENSPPNB","Density per 1 000 population (head counts)","PRT","Portugal","2006","2006",30.13,,
"GEHETHSM","Total health and social employment","DENSPPNB","Density per 1 000 population (head counts)","PRT","Portugal","2007","2007",30.33,,
"GEHETHSM","Total health and social employment","DENSPPNB","Density per 1 000 population (head counts)","PRT","Portugal","2008","2008",31.31,,
"GEHETHSM","Total health and social employment","DENSPPNB","Density per 1 000 population (head counts)","PRT","Portugal","2009","2009",32.25,,
"GEHETHSM","Total health and social employment","DENSPPNB","Density per 1 000 population (head counts)","PRT","Portugal","2010","2010",32.5,,
"GEHETHSM","Total health and social employment","DENSPPNB","Density per 1 000 population (head counts)","PRT","Portugal","2011","2011",33.17,,
"GEHETHSM","Total health and social employment","DENSPPNB","Density per 1 000 population (head counts)","PRT","Portugal","2012","2012",33.25,,
"GEHETHSM","Total health and social employment","DENSPPNB","Density per 1 000 population (head counts)","PRT","Portugal","2013","2013",33.56,,
"GEHETHSM","Total health and social employment","DENSPPNB","Density per 1 000 population (head counts)","PRT","Portugal","2014","2014",34.48,,
"GEHETHSM","Total health and social employment","DENSPPNB","Density per 1 000 population (head counts)","PRT","Portugal","2015","2015",35.27,,
"GEHETHSM","Total health and social employment","DENSPPNB","Density per 1 000 population (head counts)","PRT","Portugal","2016","2016",36.75,,
"GEHETHSM","Total health and social employment","DENSPPNB","Density per 1 000 population (head counts)","PRT","Portugal","2017","2017",38.16,"P","Provisional value"
"GEHETHSM","Total health and social employment","DENSPPNB","Density per 1 000 population (head counts)","SVK","Slovak Republic","2000","2000",25.78,,
"GEHETHSM","Total health and social employment","DENSPPNB","Density per 1 000 population (head counts)","SVK","Slovak Republic","2001","2001",26.13,,
"GEHETHSM","Total health and social employment","DENSPPNB","Density per 1 000 population (head counts)","SVK","Slovak Republic","2002","2002",26.11,,
"GEHETHSM","Total health and social employment","DENSPPNB","Density per 1 000 population (head counts)","SVK","Slovak Republic","2003","2003",25.91,,
"GEHETHSM","Total health and social employment","DENSPPNB","Density per 1 000 population (head counts)","SVK","Slovak Republic","2004","2004",24.49,,
"GEHETHSM","Total health and social employment","DENSPPNB","Density per 1 000 population (head counts)","SVK","Slovak Republic","2005","2005",22.78,,
"GEHETHSM","Total health and social employment","DENSPPNB","Density per 1 000 population (head counts)","SVK","Slovak Republic","2006","2006",22.66,,
"GEHETHSM","Total health and social employment","DENSPPNB","Density per 1 000 population (head counts)","SVK","Slovak Republic","2007","2007",23.58,,
"GEHETHSM","Total health and social employment","DENSPPNB","Density per 1 000 population (head counts)","SVK","Slovak Republic","2008","2008",23.78,,
"GEHETHSM","Total health and social employment","DENSPPNB","Density per 1 000 population (head counts)","SVK","Slovak Republic","2009","2009",22.64,,
"GEHETHSM","Total health and social employment","DENSPPNB","Density per 1 000 population (head counts)","SVK","Slovak Republic","2010","2010",22.87,,
"GEHETHSM","Total health and social employment","DENSPPNB","Density per 1 000 population (head counts)","SVK","Slovak Republic","2011","2011",23.15,,
"GEHETHSM","Total health and social employment","DENSPPNB","Density per 1 000 population (head counts)","SVK","Slovak Republic","2012","2012",23.05,,
"GEHETHSM","Total health and social employment","DENSPPNB","Density per 1 000 population (head counts)","SVK","Slovak Republic","2013","2013",22.9,,
"GEHETHSM","Total health and social employment","DENSPPNB","Density per 1 000 population (head counts)","SVK","Slovak Republic","2014","2014",23.8,,
"GEHETHSM","Total health and social employment","DENSPPNB","Density per 1 000 population (head counts)","SVK","Slovak Republic","2015","2015",24.13,,
"GEHETHSM","Total health and social employment","DENSPPNB","Density per 1 000 population (head counts)","SVK","Slovak Republic","2016","2016",24.78,,
"GEHETHSM","Total health and social employment","DENSPPNB","Density per 1 000 population (head counts)","SVK","Slovak Republic","2017","2017",25.21,,
"GEHETHSM","Total health and social employment","DENSPPNB","Density per 1 000 population (head counts)","ESP","Spain","2000","2000",21.74,,
"GEHETHSM","Total health and social employment","DENSPPNB","Density per 1 000 population (head counts)","ESP","Spain","2001","2001",21.75,,
"GEHETHSM","Total health and social employment","DENSPPNB","Density per 1 000 population (head counts)","ESP","Spain","2002","2002",22.31,,
"GEHETHSM","Total health and social employment","DENSPPNB","Density per 1 000 population (head counts)","ESP","Spain","2003","2003",23.52,,
"GEHETHSM","Total health and social employment","DENSPPNB","Density per 1 000 population (head counts)","ESP","Spain","2004","2004",24.28,,
"GEHETHSM","Total health and social employment","DENSPPNB","Density per 1 000 population (head counts)","ESP","Spain","2005","2005",25.26,,
"GEHETHSM","Total health and social employment","DENSPPNB","Density per 1 000 population (head counts)","ESP","Spain","2006","2006",26.46,,
"GEHETHSM","Total health and social employment","DENSPPNB","Density per 1 000 population (head counts)","ESP","Spain","2007","2007",26.87,,
"GEHETHSM","Total health and social employment","DENSPPNB","Density per 1 000 population (head counts)","ESP","Spain","2008","2008",27.18,,
"GEHETHSM","Total health and social employment","DENSPPNB","Density per 1 000 population (head counts)","ESP","Spain","2009","2009",27.34,,
"GEHETHSM","Total health and social employment","DENSPPNB","Density per 1 000 population (head counts)","ESP","Spain","2010","2010",28.12,,
"GEHETHSM","Total health and social employment","DENSPPNB","Density per 1 000 population (head counts)","ESP","Spain","2011","2011",28.45,,
"GEHETHSM","Total health and social employment","DENSPPNB","Density per 1 000 population (head counts)","ESP","Spain","2012","2012",27.5,,
"GEHETHSM","Total health and social employment","DENSPPNB","Density per 1 000 population (head counts)","ESP","Spain","2013","2013",27.16,,
"GEHETHSM","Total health and social employment","DENSPPNB","Density per 1 000 population (head counts)","ESP","Spain","2014","2014",27.88,,
"GEHETHSM","Total health and social employment","DENSPPNB","Density per 1 000 population (head counts)","ESP","Spain","2015","2015",28.35,,
"GEHETHSM","Total health and social employment","DENSPPNB","Density per 1 000 population (head counts)","ESP","Spain","2016","2016",29.26,"P","Provisional value"
"GEHETHSM","Total health and social employment","DENSPPNB","Density per 1 000 population (head counts)","ESP","Spain","2017","2017",30.18,"P","Provisional value"
"GEHETHSM","Total health and social employment","DENSPPNB","Density per 1 000 population (head counts)","SWE","Sweden","2000","2000",80.82,,
"GEHETHSM","Total health and social employment","DENSPPNB","Density per 1 000 population (head counts)","SWE","Sweden","2001","2001",80.6,,
"GEHETHSM","Total health and social employment","DENSPPNB","Density per 1 000 population (head counts)","SWE","Sweden","2002","2002",82.13,,
"GEHETHSM","Total health and social employment","DENSPPNB","Density per 1 000 population (head counts)","SWE","Sweden","2003","2003",81.6,,
"GEHETHSM","Total health and social employment","DENSPPNB","Density per 1 000 population (head counts)","SWE","Sweden","2004","2004",81.61,,
"GEHETHSM","Total health and social employment","DENSPPNB","Density per 1 000 population (head counts)","SWE","Sweden","2005","2005",81.29,,
"GEHETHSM","Total health and social employment","DENSPPNB","Density per 1 000 population (head counts)","SWE","Sweden","2006","2006",80.72,,
"GEHETHSM","Total health and social employment","DENSPPNB","Density per 1 000 population (head counts)","SWE","Sweden","2007","2007",81.33,,
"GEHETHSM","Total health and social employment","DENSPPNB","Density per 1 000 population (head counts)","SWE","Sweden","2008","2008",80.91,,
"GEHETHSM","Total health and social employment","DENSPPNB","Density per 1 000 population (head counts)","SWE","Sweden","2009","2009",79.8,,
"GEHETHSM","Total health and social employment","DENSPPNB","Density per 1 000 population (head counts)","SWE","Sweden","2010","2010",78.8,,
"GEHETHSM","Total health and social employment","DENSPPNB","Density per 1 000 population (head counts)","SWE","Sweden","2011","2011",79.8,,
"GEHETHSM","Total health and social employment","DENSPPNB","Density per 1 000 population (head counts)","SWE","Sweden","2012","2012",79,,
"GEHETHSM","Total health and social employment","DENSPPNB","Density per 1 000 population (head counts)","SWE","Sweden","2013","2013",79.48,,
"GEHETHSM","Total health and social employment","DENSPPNB","Density per 1 000 population (head counts)","SWE","Sweden","2014","2014",80.44,,
"GEHETHSM","Total health and social employment","DENSPPNB","Density per 1 000 population (head counts)","SWE","Sweden","2015","2015",82.66,,
"GEHETHSM","Total health and social employment","DENSPPNB","Density per 1 000 population (head counts)","SWE","Sweden","2016","2016",85.26,,
"GEHETHSM","Total health and social employment","DENSPPNB","Density per 1 000 population (head counts)","SWE","Sweden","2017","2017",85.9,,
"GEHETHSM","Total health and social employment","DENSPPNB","Density per 1 000 population (head counts)","CHE","Switzerland","2000","2000",58.12,,
"GEHETHSM","Total health and social employment","DENSPPNB","Density per 1 000 population (head counts)","CHE","Switzerland","2001","2001",58.52,,
"GEHETHSM","Total health and social employment","DENSPPNB","Density per 1 000 population (head counts)","CHE","Switzerland","2002","2002",59.23,,
"GEHETHSM","Total health and social employment","DENSPPNB","Density per 1 000 population (head counts)","CHE","Switzerland","2003","2003",60.85,,
"GEHETHSM","Total health and social employment","DENSPPNB","Density per 1 000 population (head counts)","CHE","Switzerland","2004","2004",61.54,,
"GEHETHSM","Total health and social employment","DENSPPNB","Density per 1 000 population (head counts)","CHE","Switzerland","2005","2005",62.86,,
"GEHETHSM","Total health and social employment","DENSPPNB","Density per 1 000 population (head counts)","CHE","Switzerland","2006","2006",63.84,,
"GEHETHSM","Total health and social employment","DENSPPNB","Density per 1 000 population (head counts)","CHE","Switzerland","2007","2007",64.29,,
"GEHETHSM","Total health and social employment","DENSPPNB","Density per 1 000 population (head counts)","CHE","Switzerland","2008","2008",65.65,,
"GEHETHSM","Total health and social employment","DENSPPNB","Density per 1 000 population (head counts)","CHE","Switzerland","2009","2009",66.83,,
"GEHETHSM","Total health and social employment","DENSPPNB","Density per 1 000 population (head counts)","CHE","Switzerland","2010","2010",67.52,,
"GEHETHSM","Total health and social employment","DENSPPNB","Density per 1 000 population (head counts)","CHE","Switzerland","2011","2011",69.91,,
"GEHETHSM","Total health and social employment","DENSPPNB","Density per 1 000 population (head counts)","CHE","Switzerland","2012","2012",72.13,,
"GEHETHSM","Total health and social employment","DENSPPNB","Density per 1 000 population (head counts)","CHE","Switzerland","2013","2013",73.52,,
"GEHETHSM","Total health and social employment","DENSPPNB","Density per 1 000 population (head counts)","CHE","Switzerland","2014","2014",74.46,,
"GEHETHSM","Total health and social employment","DENSPPNB","Density per 1 000 population (head counts)","CHE","Switzerland","2015","2015",76.96,,
"GEHETHSM","Total health and social employment","DENSPPNB","Density per 1 000 population (head counts)","CHE","Switzerland","2016","2016",79.48,,
"GEHETHSM","Total health and social employment","DENSPPNB","Density per 1 000 population (head counts)","CHE","Switzerland","2017","2017",80.7,,
"GEHETHSM","Total health and social employment","DENSPPNB","Density per 1 000 population (head counts)","TUR","Turkey","2009","2009",8.2,,
"GEHETHSM","Total health and social employment","DENSPPNB","Density per 1 000 population (head counts)","TUR","Turkey","2010","2010",8.07,,
"GEHETHSM","Total health and social employment","DENSPPNB","Density per 1 000 population (head counts)","TUR","Turkey","2011","2011",9.33,,
"GEHETHSM","Total health and social employment","DENSPPNB","Density per 1 000 population (head counts)","TUR","Turkey","2012","2012",10.75,,
"GEHETHSM","Total health and social employment","DENSPPNB","Density per 1 000 population (head counts)","TUR","Turkey","2013","2013",11.27,"B","Break"
"GEHETHSM","Total health and social employment","DENSPPNB","Density per 1 000 population (head counts)","TUR","Turkey","2014","2014",12.62,,
"GEHETHSM","Total health and social employment","DENSPPNB","Density per 1 000 population (head counts)","TUR","Turkey","2015","2015",13.5,,
"GEHETHSM","Total health and social employment","DENSPPNB","Density per 1 000 population (head counts)","TUR","Turkey","2016","2016",14.17,,
"GEHETHSM","Total health and social employment","DENSPPNB","Density per 1 000 population (head counts)","TUR","Turkey","2017","2017",14.77,,
"GEHETHSM","Total health and social employment","DENSPPNB","Density per 1 000 population (head counts)","GBR","United Kingdom","2000","2000",47.27,,
"GEHETHSM","Total health and social employment","DENSPPNB","Density per 1 000 population (head counts)","GBR","United Kingdom","2001","2001",48.29,,
"GEHETHSM","Total health and social employment","DENSPPNB","Density per 1 000 population (head counts)","GBR","United Kingdom","2002","2002",49.44,,
"GEHETHSM","Total health and social employment","DENSPPNB","Density per 1 000 population (head counts)","GBR","United Kingdom","2003","2003",50.38,,
"GEHETHSM","Total health and social employment","DENSPPNB","Density per 1 000 population (head counts)","GBR","United Kingdom","2004","2004",52.14,,
"GEHETHSM","Total health and social employment","DENSPPNB","Density per 1 000 population (head counts)","GBR","United Kingdom","2005","2005",53.29,,
"GEHETHSM","Total health and social employment","DENSPPNB","Density per 1 000 population (head counts)","GBR","United Kingdom","2006","2006",54.33,,
"GEHETHSM","Total health and social employment","DENSPPNB","Density per 1 000 population (head counts)","GBR","United Kingdom","2007","2007",53.86,,
"GEHETHSM","Total health and social employment","DENSPPNB","Density per 1 000 population (head counts)","GBR","United Kingdom","2008","2008",54.74,,
"GEHETHSM","Total health and social employment","DENSPPNB","Density per 1 000 population (head counts)","GBR","United Kingdom","2009","2009",55.98,,
"GEHETHSM","Total health and social employment","DENSPPNB","Density per 1 000 population (head counts)","GBR","United Kingdom","2010","2010",58.03,,
"GEHETHSM","Total health and social employment","DENSPPNB","Density per 1 000 population (head counts)","GBR","United Kingdom","2011","2011",58.33,,
"GEHETHSM","Total health and social employment","DENSPPNB","Density per 1 000 population (head counts)","GBR","United Kingdom","2012","2012",58.26,,
"GEHETHSM","Total health and social employment","DENSPPNB","Density per 1 000 population (head counts)","GBR","United Kingdom","2013","2013",59.39,,
"GEHETHSM","Total health and social employment","DENSPPNB","Density per 1 000 population (head counts)","GBR","United Kingdom","2014","2014",59.4,,
"GEHETHSM","Total health and social employment","DENSPPNB","Density per 1 000 population (head counts)","GBR","United Kingdom","2015","2015",59.37,,
"GEHETHSM","Total health and social employment","DENSPPNB","Density per 1 000 population (head counts)","GBR","United Kingdom","2016","2016",59.18,,
"GEHETHSM","Total health and social employment","DENSPPNB","Density per 1 000 population (head counts)","GBR","United Kingdom","2017","2017",59.78,,
"GEHETHSM","Total health and social employment","DENSPPNB","Density per 1 000 population (head counts)","GBR","United Kingdom","2018","2018",60.81,,
"GEHETHSM","Total health and social employment","DENSPPNB","Density per 1 000 population (head counts)","USA","United States","2000","2000",52.92,,
"GEHETHSM","Total health and social employment","DENSPPNB","Density per 1 000 population (head counts)","USA","United States","2001","2001",53.74,,
"GEHETHSM","Total health and social employment","DENSPPNB","Density per 1 000 population (head counts)","USA","United States","2002","2002",55.28,,
"GEHETHSM","Total health and social employment","DENSPPNB","Density per 1 000 population (head counts)","USA","United States","2003","2003",56.65,,
"GEHETHSM","Total health and social employment","DENSPPNB","Density per 1 000 population (head counts)","USA","United States","2004","2004",56.9,,
"GEHETHSM","Total health and social employment","DENSPPNB","Density per 1 000 population (head counts)","USA","United States","2005","2005",57.22,,
"GEHETHSM","Total health and social employment","DENSPPNB","Density per 1 000 population (head counts)","USA","United States","2006","2006",58.37,,
"GEHETHSM","Total health and social employment","DENSPPNB","Density per 1 000 population (head counts)","USA","United States","2007","2007",59.2,,
"GEHETHSM","Total health and social employment","DENSPPNB","Density per 1 000 population (head counts)","USA","United States","2008","2008",59.96,,
"GEHETHSM","Total health and social employment","DENSPPNB","Density per 1 000 population (head counts)","USA","United States","2009","2009",60.74,,
"GEHETHSM","Total health and social employment","DENSPPNB","Density per 1 000 population (head counts)","USA","United States","2010","2010",61.12,,
"GEHETHSM","Total health and social employment","DENSPPNB","Density per 1 000 population (head counts)","USA","United States","2011","2011",60.66,,
"GEHETHSM","Total health and social employment","DENSPPNB","Density per 1 000 population (head counts)","USA","United States","2012","2012",61.81,,
"GEHETHSM","Total health and social employment","DENSPPNB","Density per 1 000 population (head counts)","USA","United States","2013","2013",61.86,,
"GEHETHSM","Total health and social employment","DENSPPNB","Density per 1 000 population (head counts)","USA","United States","2014","2014",61.44,,
"GEHETHSM","Total health and social employment","DENSPPNB","Density per 1 000 population (head counts)","USA","United States","2015","2015",62.53,,
"GEHETHSM","Total health and social employment","DENSPPNB","Density per 1 000 population (head counts)","USA","United States","2016","2016",63.66,,
"GEHETHSM","Total health and social employment","DENSPPNB","Density per 1 000 population (head counts)","CHL","Chile","2010","2010",17.63,,
"GEHETHSM","Total health and social employment","DENSPPNB","Density per 1 000 population (head counts)","CHL","Chile","2011","2011",18.68,,
"GEHETHSM","Total health and social employment","DENSPPNB","Density per 1 000 population (head counts)","CHL","Chile","2012","2012",20.03,"B","Break"
"GEHETHSM","Total health and social employment","DENSPPNB","Density per 1 000 population (head counts)","CHL","Chile","2013","2013",19.77,,
"GEHETHSM","Total health and social employment","DENSPPNB","Density per 1 000 population (head counts)","CHL","Chile","2014","2014",22.7,,
"GEHETHSM","Total health and social employment","DENSPPNB","Density per 1 000 population (head counts)","CHL","Chile","2015","2015",23.75,,
"GEHETHSM","Total health and social employment","DENSPPNB","Density per 1 000 population (head counts)","CHL","Chile","2016","2016",22.75,,
"GEHETHSM","Total health and social employment","DENSPPNB","Density per 1 000 population (head counts)","CHL","Chile","2017","2017",24.26,,
"GEHETHSM","Total health and social employment","DENSPPNB","Density per 1 000 population (head counts)","EST","Estonia","2000","2000",21.51,,
"GEHETHSM","Total health and social employment","DENSPPNB","Density per 1 000 population (head counts)","EST","Estonia","2001","2001",22.12,,
"GEHETHSM","Total health and social employment","DENSPPNB","Density per 1 000 population (head counts)","EST","Estonia","2002","2002",24.35,,
"GEHETHSM","Total health and social employment","DENSPPNB","Density per 1 000 population (head counts)","EST","Estonia","2003","2003",26.37,,
"GEHETHSM","Total health and social employment","DENSPPNB","Density per 1 000 population (head counts)","EST","Estonia","2004","2004",27.25,,
"GEHETHSM","Total health and social employment","DENSPPNB","Density per 1 000 population (head counts)","EST","Estonia","2005","2005",27.12,,
"GEHETHSM","Total health and social employment","DENSPPNB","Density per 1 000 population (head counts)","EST","Estonia","2006","2006",26.42,,
"GEHETHSM","Total health and social employment","DENSPPNB","Density per 1 000 population (head counts)","EST","Estonia","2007","2007",25.46,,
"GEHETHSM","Total health and social employment","DENSPPNB","Density per 1 000 population (head counts)","EST","Estonia","2008","2008",24.67,,
"GEHETHSM","Total health and social employment","DENSPPNB","Density per 1 000 population (head counts)","EST","Estonia","2009","2009",24.35,,
"GEHETHSM","Total health and social employment","DENSPPNB","Density per 1 000 population (head counts)","EST","Estonia","2010","2010",25.39,,
"GEHETHSM","Total health and social employment","DENSPPNB","Density per 1 000 population (head counts)","EST","Estonia","2011","2011",25.7,,
"GEHETHSM","Total health and social employment","DENSPPNB","Density per 1 000 population (head counts)","EST","Estonia","2012","2012",26.33,,
"GEHETHSM","Total health and social employment","DENSPPNB","Density per 1 000 population (head counts)","EST","Estonia","2013","2013",27.34,,
"GEHETHSM","Total health and social employment","DENSPPNB","Density per 1 000 population (head counts)","EST","Estonia","2014","2014",28.64,,
"GEHETHSM","Total health and social employment","DENSPPNB","Density per 1 000 population (head counts)","EST","Estonia","2015","2015",29.34,,
"GEHETHSM","Total health and social employment","DENSPPNB","Density per 1 000 population (head counts)","EST","Estonia","2016","2016",29.18,,
"GEHETHSM","Total health and social employment","DENSPPNB","Density per 1 000 population (head counts)","EST","Estonia","2017","2017",28.96,,
"GEHETHSM","Total health and social employment","DENSPPNB","Density per 1 000 population (head counts)","ISR","Israel","2000","2000",35.07,,
"GEHETHSM","Total health and social employment","DENSPPNB","Density per 1 000 population (head counts)","ISR","Israel","2001","2001",36.71,,
"GEHETHSM","Total health and social employment","DENSPPNB","Density per 1 000 population (head counts)","ISR","Israel","2002","2002",37.34,,
"GEHETHSM","Total health and social employment","DENSPPNB","Density per 1 000 population (head counts)","ISR","Israel","2003","2003",39.14,,
"GEHETHSM","Total health and social employment","DENSPPNB","Density per 1 000 population (head counts)","ISR","Israel","2004","2004",39.41,,
"GEHETHSM","Total health and social employment","DENSPPNB","Density per 1 000 population (head counts)","ISR","Israel","2005","2005",40.29,,
"GEHETHSM","Total health and social employment","DENSPPNB","Density per 1 000 population (head counts)","ISR","Israel","2006","2006",39.17,,
"GEHETHSM","Total health and social employment","DENSPPNB","Density per 1 000 population (head counts)","ISR","Israel","2007","2007",39.04,,
"GEHETHSM","Total health and social employment","DENSPPNB","Density per 1 000 population (head counts)","ISR","Israel","2008","2008",39.71,,
"GEHETHSM","Total health and social employment","DENSPPNB","Density per 1 000 population (head counts)","ISR","Israel","2009","2009",40.17,,
"GEHETHSM","Total health and social employment","DENSPPNB","Density per 1 000 population (head counts)","ISR","Israel","2010","2010",41.4,,
"GEHETHSM","Total health and social employment","DENSPPNB","Density per 1 000 population (head counts)","ISR","Israel","2011","2011",41.4,,
"GEHETHSM","Total health and social employment","DENSPPNB","Density per 1 000 population (head counts)","ISR","Israel","2012","2012",44.81,,
"GEHETHSM","Total health and social employment","DENSPPNB","Density per 1 000 population (head counts)","ISR","Israel","2013","2013",45.75,,
"GEHETHSM","Total health and social employment","DENSPPNB","Density per 1 000 population (head counts)","ISR","Israel","2014","2014",48.05,,
"GEHETHSM","Total health and social employment","DENSPPNB","Density per 1 000 population (head counts)","ISR","Israel","2015","2015",48.98,,
"GEHETHSM","Total health and social employment","DENSPPNB","Density per 1 000 population (head counts)","ISR","Israel","2016","2016",48.85,,
"GEHETHSM","Total health and social employment","DENSPPNB","Density per 1 000 population (head counts)","ISR","Israel","2017","2017",49.2,,
"GEHETHSM","Total health and social employment","DENSPPNB","Density per 1 000 population (head counts)","SVN","Slovenia","2000","2000",22.13,,
"GEHETHSM","Total health and social employment","DENSPPNB","Density per 1 000 population (head counts)","SVN","Slovenia","2001","2001",22.5,,
"GEHETHSM","Total health and social employment","DENSPPNB","Density per 1 000 population (head counts)","SVN","Slovenia","2002","2002",23.08,,
"GEHETHSM","Total health and social employment","DENSPPNB","Density per 1 000 population (head counts)","SVN","Slovenia","2003","2003",23.54,,
"GEHETHSM","Total health and social employment","DENSPPNB","Density per 1 000 population (head counts)","SVN","Slovenia","2004","2004",24.11,,
"GEHETHSM","Total health and social employment","DENSPPNB","Density per 1 000 population (head counts)","SVN","Slovenia","2005","2005",24.74,,
"GEHETHSM","Total health and social employment","DENSPPNB","Density per 1 000 population (head counts)","SVN","Slovenia","2006","2006",25.02,,
"GEHETHSM","Total health and social employment","DENSPPNB","Density per 1 000 population (head counts)","SVN","Slovenia","2007","2007",25.28,,
"GEHETHSM","Total health and social employment","DENSPPNB","Density per 1 000 population (head counts)","SVN","Slovenia","2008","2008",25.91,,
"GEHETHSM","Total health and social employment","DENSPPNB","Density per 1 000 population (head counts)","SVN","Slovenia","2009","2009",26.29,,
"GEHETHSM","Total health and social employment","DENSPPNB","Density per 1 000 population (head counts)","SVN","Slovenia","2010","2010",26.75,,
"GEHETHSM","Total health and social employment","DENSPPNB","Density per 1 000 population (head counts)","SVN","Slovenia","2011","2011",27.23,,
"GEHETHSM","Total health and social employment","DENSPPNB","Density per 1 000 population (head counts)","SVN","Slovenia","2012","2012",27.93,,
"GEHETHSM","Total health and social employment","DENSPPNB","Density per 1 000 population (head counts)","SVN","Slovenia","2013","2013",28,,
"GEHETHSM","Total health and social employment","DENSPPNB","Density per 1 000 population (head counts)","SVN","Slovenia","2014","2014",28.2,,
"GEHETHSM","Total health and social employment","DENSPPNB","Density per 1 000 population (head counts)","SVN","Slovenia","2015","2015",28.78,,
"GEHETHSM","Total health and social employment","DENSPPNB","Density per 1 000 population (head counts)","SVN","Slovenia","2016","2016",29.88,,
"GEHETHSM","Total health and social employment","DENSPPNB","Density per 1 000 population (head counts)","SVN","Slovenia","2017","2017",30.86,,
"GEHETHSM","Total health and social employment","DENSPPNB","Density per 1 000 population (head counts)","CRI","Costa Rica","2000","2000",13.99,,
"GEHETHSM","Total health and social employment","DENSPPNB","Density per 1 000 population (head counts)","CRI","Costa Rica","2001","2001",15.07,,
"GEHETHSM","Total health and social employment","DENSPPNB","Density per 1 000 population (head counts)","CRI","Costa Rica","2002","2002",13.34,,
"GEHETHSM","Total health and social employment","DENSPPNB","Density per 1 000 population (head counts)","CRI","Costa Rica","2003","2003",12.03,,
"GEHETHSM","Total health and social employment","DENSPPNB","Density per 1 000 population (head counts)","CRI","Costa Rica","2004","2004",12.6,,
"GEHETHSM","Total health and social employment","DENSPPNB","Density per 1 000 population (head counts)","CRI","Costa Rica","2005","2005",15.11,,
"GEHETHSM","Total health and social employment","DENSPPNB","Density per 1 000 population (head counts)","CRI","Costa Rica","2006","2006",14.74,,
"GEHETHSM","Total health and social employment","DENSPPNB","Density per 1 000 population (head counts)","CRI","Costa Rica","2007","2007",14.87,,
"GEHETHSM","Total health and social employment","DENSPPNB","Density per 1 000 population (head counts)","CRI","Costa Rica","2008","2008",14.53,,
"GEHETHSM","Total health and social employment","DENSPPNB","Density per 1 000 population (head counts)","CRI","Costa Rica","2009","2009",16.07,,
"GEHETHSM","Total health and social employment","DENSPPNB","Density per 1 000 population (head counts)","CRI","Costa Rica","2010","2010",15.24,,
"GEHETHSM","Total health and social employment","DENSPPNB","Density per 1 000 population (head counts)","CRI","Costa Rica","2011","2011",16.06,,
"GEHETHSM","Total health and social employment","DENSPPNB","Density per 1 000 population (head counts)","CRI","Costa Rica","2012","2012",16.14,,
"GEHETHSM","Total health and social employment","DENSPPNB","Density per 1 000 population (head counts)","CRI","Costa Rica","2013","2013",17.83,,
"GEHETHSM","Total health and social employment","DENSPPNB","Density per 1 000 population (head counts)","CRI","Costa Rica","2014","2014",17.42,,
"GEHETHSM","Total health and social employment","DENSPPNB","Density per 1 000 population (head counts)","CRI","Costa Rica","2015","2015",14.91,,
"GEHETHSM","Total health and social employment","DENSPPNB","Density per 1 000 population (head counts)","CRI","Costa Rica","2016","2016",14.87,,
"GEHETHSM","Total health and social employment","DENSPPNB","Density per 1 000 population (head counts)","CRI","Costa Rica","2017","2017",14.98,,
"GEHETHSM","Total health and social employment","DENSPPNB","Density per 1 000 population (head counts)","CRI","Costa Rica","2018","2018",15.11,,
"GEHETHSM","Total health and social employment","DENSPPNB","Density per 1 000 population (head counts)","LVA","Latvia","2000","2000",22.18,,
"GEHETHSM","Total health and social employment","DENSPPNB","Density per 1 000 population (head counts)","LVA","Latvia","2001","2001",21.36,,
"GEHETHSM","Total health and social employment","DENSPPNB","Density per 1 000 population (head counts)","LVA","Latvia","2002","2002",20.97,,
"GEHETHSM","Total health and social employment","DENSPPNB","Density per 1 000 population (head counts)","LVA","Latvia","2003","2003",21.07,,
"GEHETHSM","Total health and social employment","DENSPPNB","Density per 1 000 population (head counts)","LVA","Latvia","2004","2004",20.9,,
"GEHETHSM","Total health and social employment","DENSPPNB","Density per 1 000 population (head counts)","LVA","Latvia","2005","2005",21.85,,
"GEHETHSM","Total health and social employment","DENSPPNB","Density per 1 000 population (head counts)","LVA","Latvia","2006","2006",22.19,,
"GEHETHSM","Total health and social employment","DENSPPNB","Density per 1 000 population (head counts)","LVA","Latvia","2007","2007",22.23,,
"GEHETHSM","Total health and social employment","DENSPPNB","Density per 1 000 population (head counts)","LVA","Latvia","2008","2008",23.76,,
"GEHETHSM","Total health and social employment","DENSPPNB","Density per 1 000 population (head counts)","LVA","Latvia","2009","2009",22.73,,
"GEHETHSM","Total health and social employment","DENSPPNB","Density per 1 000 population (head counts)","LVA","Latvia","2010","2010",21.57,,
"GEHETHSM","Total health and social employment","DENSPPNB","Density per 1 000 population (head counts)","LVA","Latvia","2011","2011",22.7,,
"GEHETHSM","Total health and social employment","DENSPPNB","Density per 1 000 population (head counts)","LVA","Latvia","2012","2012",23.98,,
"GEHETHSM","Total health and social employment","DENSPPNB","Density per 1 000 population (head counts)","LVA","Latvia","2013","2013",23.62,,
"GEHETHSM","Total health and social employment","DENSPPNB","Density per 1 000 population (head counts)","LVA","Latvia","2014","2014",23.37,,
"GEHETHSM","Total health and social employment","DENSPPNB","Density per 1 000 population (head counts)","LVA","Latvia","2015","2015",23.89,,
"GEHETHSM","Total health and social employment","DENSPPNB","Density per 1 000 population (head counts)","LVA","Latvia","2016","2016",24.61,,
"GEHETHSM","Total health and social employment","DENSPPNB","Density per 1 000 population (head counts)","LVA","Latvia","2017","2017",25.17,,
"GEHETHSM","Total health and social employment","DENSPPNB","Density per 1 000 population (head counts)","LTU","Lithuania","2000","2000",26.81,,
"GEHETHSM","Total health and social employment","DENSPPNB","Density per 1 000 population (head counts)","LTU","Lithuania","2001","2001",28.01,,
"GEHETHSM","Total health and social employment","DENSPPNB","Density per 1 000 population (head counts)","LTU","Lithuania","2002","2002",26.86,,
"GEHETHSM","Total health and social employment","DENSPPNB","Density per 1 000 population (head counts)","LTU","Lithuania","2003","2003",28.36,,
"GEHETHSM","Total health and social employment","DENSPPNB","Density per 1 000 population (head counts)","LTU","Lithuania","2004","2004",28.91,,
"GEHETHSM","Total health and social employment","DENSPPNB","Density per 1 000 population (head counts)","LTU","Lithuania","2005","2005",28.52,,
"GEHETHSM","Total health and social employment","DENSPPNB","Density per 1 000 population (head counts)","LTU","Lithuania","2006","2006",29.98,,
"GEHETHSM","Total health and social employment","DENSPPNB","Density per 1 000 population (head counts)","LTU","Lithuania","2007","2007",29.25,,
"GEHETHSM","Total health and social employment","DENSPPNB","Density per 1 000 population (head counts)","LTU","Lithuania","2008","2008",27.8,,
"GEHETHSM","Total health and social employment","DENSPPNB","Density per 1 000 population (head counts)","LTU","Lithuania","2009","2009",27.55,,
"GEHETHSM","Total health and social employment","DENSPPNB","Density per 1 000 population (head counts)","LTU","Lithuania","2010","2010",28.29,,
"GEHETHSM","Total health and social employment","DENSPPNB","Density per 1 000 population (head counts)","LTU","Lithuania","2011","2011",28.85,,
"GEHETHSM","Total health and social employment","DENSPPNB","Density per 1 000 population (head counts)","LTU","Lithuania","2012","2012",28.61,,
"GEHETHSM","Total health and social employment","DENSPPNB","Density per 1 000 population (head counts)","LTU","Lithuania","2013","2013",28.66,,
"GEHETHSM","Total health and social employment","DENSPPNB","Density per 1 000 population (head counts)","LTU","Lithuania","2014","2014",28.88,,
"GEHETHSM","Total health and social employment","DENSPPNB","Density per 1 000 population (head counts)","LTU","Lithuania","2015","2015",30.91,,
"GEHETHSM","Total health and social employment","DENSPPNB","Density per 1 000 population (head counts)","LTU","Lithuania","2016","2016",32.13,,
"GEHETHSM","Total health and social employment","DENSPPNB","Density per 1 000 population (head counts)","LTU","Lithuania","2017","2017",32.73,,
